City,Stayed (%),Left (%)
Bangalore,73.29443447037703,26.705565529622984
New Delhi,68.36646499567848,31.633535004321523
Pune,49.60567823343849,50.39432176656151
